ID	DOI	metalanguage	objectlanguage	license	creators	title	year	edited	superseded	pages	series	seriesnumber
16	10.17169/FUDOCS_document_000000020994	eng	ital1282	CC-BY  4.0	Cangemi, Francesco	Prosodic detail in Neapolitan Italian	2014	author	False		Studies in Laboratory Phonology	1
17	10.17169/FUDOCS_document_000000020749	eng	pite1240	CC-BY  4.0	Wilbur, Joshua	A grammar of Pite Saami	2014	author	False		Studies in Diversity Linguistics	5
18	10.17169/FUDOCS_document_000000019858	eng		CC-BY  4.0	Handschuh, Corinna	A typology of marked-S languages	2014	author	False		Studies in Diversity Linguistics	1
19	10.17169/langsci.b19.294	eng		CC-BY  4.0	Rießler, Michael	Adjective attribution	2016	author	False		Studies in Diversity Linguistics	2
20	10.17169/langsci.b20.102	eng		CC-BY  4.0	Lichte, Timm	Syntax und Valenz: Zur Modellierung kohärenter und elliptischer Strukturen mit Baumadjunktionsgrammatiken	2015	author	False		Empirically Oriented Theoretical Morphology and Syntax	1
22	10.17169/FUDOCS_document_000000020993	eng		CC-BY  4.0	Klamer, Marian	The Alor-Pantar languages: History and typology	2015	author	True		Studies in Diversity Linguistics	3
25	10.17169/langsci.b25.62	eng		CC-BY  4.0	Müller, Stefan	Grammatical theory: From transformational grammar to constraint-based approaches	2018	author	True		Textbooks in Language Sciences	1
27	10.5281/zenodo.573753	fra		CC-BY  4.0	Bîlbîie, Gabriela	Grammaire des constructions elliptiques: Une étude comparative des phrases sans verbe en roumain et en français	2017	author	False		Empirically Oriented Theoretical Morphology and Syntax	2
46	10.17169/FUDOCS_document_000000022241	eng		CC-BY  4.0	Schäfer, Roland	Einführung in die grammatische Beschreibung des Deutschen	2015	author	True		Textbooks in Language Sciences	2
48	10.17169/FUDOCS_document_000000021399	eng		CC-BY  4.0	Enfield, N.J.	Natural causes of language: Frames, biases, and cultural transmission	2014	author	False		Conceptual Foundations of Language Science	1
49	10.17169/FUDOCS_document_000000022455	eng		CC-BY  4.0	Steels, Luc L.	The Talking Heads experiment: Origins of words and meanings	2015	author	False		Computational Models of Language Evolution	1
50	10.17169/langsci.b50.113	eng		CC-BY  4.0	Vogt, Paul	How mobile robots can self-organise a vocabulary	2015	author	False		Computational Models of Language Evolution	2
51	10.17169/langsci.b51.104	eng		CC-BY  4.0	Bleys, Joris	Language strategies for the domain of colour	2015	author	False		Computational Models of Language Evolution	3
52	10.17169/langsci.b52.182	eng		CC-BY  4.0	van Trijp, Remi	The evolution of case grammar	2016	author	False		Computational Models of Language Evolution	4
53	10.17169/langsci.b53.183	eng		CC-BY  4.0	Spranger, Michael	The evolution of grounded spatial language	2016	author	False		Computational Models of Language Evolution	5
66	10.17169/langsci.b66.106	eng	yakk1236	CC-BY  4.0	Schackow, Diana	A grammar of Yakkha	2015	author	False		Studies in Diversity Linguistics	7
67	10.17169/langsci.b67.96	eng	mauw1238	CC-BY  4.0	Berghäll, Liisa	A grammar of Mauwake	2015	author	False		Studies in Diversity Linguistics	4
73	10.17169/langsci.b73.17	eng		CC-BY  4.0	Dahl, Östen	Grammaticalization in the North: Noun phrase morphosyntax in Scandinavian vernaculars	2015	author	False		Studies in Diversity Linguistics	6
74	10.5281/zenodo.344813	eng		CC-BY  4.0	Brindle, Jonathan	A dictionary and grammatical outline of Chakali	2017	author	False		African Language Grammars and Dictionaries	2
75	10.17169/langsci.b75.22	eng		CC-BY  4.0	Drager, Katie K.	Linguistic variation, identity construction and cognition	2015	author	False		Studies in Laboratory Phonology	2
76	10.17169/langsci.b76.64	eng		CC-BY  4.0	Fantinuoli, Claudio & Zanettin, Federico 	New directions in corpus-based translation studies	2015	editor	False		Translation and Multilingual Natural Language Processing	1
78	10.5281/zenodo.376415	eng	papu1250	CC-BY  4.0	Kluge, Angela	A grammar of Papuan Malay	2017	author	False		Studies in Diversity Linguistics	11
80	10.5281/zenodo.1476426	eng		CC-BY  4.0	Forbes-Barnett, Marsha	Dual aspectual forms and event structure in Caribbean English Creoles	2018	author	False		Studies in Caribbean Languages	2
81	10.17169/langsci.b81.78	eng		CC-BY  4.0	Côté, Marie-Hélène & Knooihuizen, Remco & Nerbonne, John 	The future of dialects: Selected papers from Methods in  Dialectology XV	2016	editor	False		Language Variation	1
82	10.17169/langsci.b82.85	eng	phal1254	CC-BY  4.0	Liljegren, Henrik	A grammar of Palula	2016	author	False		Studies in Diversity Linguistics	8
83	10.5281/zenodo.376355	eng		CC-BY  4.0	Shimelman, Aviva	A grammar of Yauyos Quechua	2017	author	False		Studies in Diversity Linguistics	9
85	10.5281/zenodo.2546450	eng	fern1234	CC-BY  4.0	Yakpo, Kofi	A grammar of Pichi	2019	author	False		Studies in Diversity Linguistics	23
88	10.17169/langsci.b88.99	eng		CC-BY  4.0	Lehmann, Christian	Thoughts on grammaticalization	2015	author	False		Classics in Linguistics	1
89	10.17169/langsci.b89.100	eng		CC-BY  4.0	Schütze, Carson T.	The empirical base of linguistics: Grammaticality judgments and linguistic methodology	2016	author	False		Classics in Linguistics	2
91	10.17169/langsci.b91.109	eng		CC-BY  4.0	Bickerton, Derek	Roots of language	2016	author	False		Classics in Linguistics	3
94	10.17169/langsci.b94.120	eng		CC-BY  4.0	Rudin, Catherine & Gordon, Bryan James 	Advances in the study of Siouan languages and linguistics	2016	editor	False		Studies in Diversity Linguistics	10
96	10.5281/zenodo.573773	eng		CC-BY  4.0	Enfield, N. J.	Dependencies in language: On the causal ontology of linguistic systems	2017	author	False		Studies in Diversity Linguistics	14
97	10.17169/langsci.b97.143	eng		CC-BY  4.0	von der Gabelentz, Georg & McElvenny, James & Ringmacher, Manfred	Die Sprachwissenschaft: Ihre Aufgaben, Methoden und bisherigen Ergebnisse	2016	author	False		Classics in Linguistics	4
98	10.5281/zenodo.344792	eng	ikkk1242	CC-BY  4.0	Schrock, Terrill	The Ik language: Dictionary and grammar sketch	2017	author	False		African Language Grammars and Dictionaries	1
101	10.17169/langsci.b101.186	deu		CC-BY  4.0	Schäfer, Roland	Einführung in die grammatische Beschreibung des Deutschen: Zweite, überarbeitete Auflage	2016	author	True		Textbooks in Language Sciences	2
102	10.5281/zenodo.1019701	eng		CC-BY  4.0	Czulo, Oliver & Hansen-Schirra, Silvia 	Crossroads between contrastive linguistics, translation studies and machine translation: TC3-II	2017	editor	False		Translation and Multilingual Natural Language Processing	4
103	10.5281/zenodo.283376	eng		CC-BY  4.0	Hansen-Schirra, Silvia & Neumann, Stella & Čulo, Oliver 	Annotation, exploitation and evaluation of parallel corpora: TC3 I	2017	editor	False		Translation and Multilingual Natural Language Processing	3
106	10.5281/zenodo.1291947	eng		CC-BY  4.0	Rehm, Georg & Stein, Daniel & Sasaki, Felix & Witt, Andreas 	Language technologies for a multilingual Europe	2016	editor	False		Translation and Multilingual Natural Language Processing	5
107	10.5281/zenodo.814452	eng		CC-BY  4.0	Menzel, Katrin & Lapshinova-Koltunski, Ekaterina & Kunz, Kerstin 	New perspectives on cohesion and coherence: Implications for translation	2017	editor	False		Translation and Multilingual Natural Language Processing	6
108	10.17169/langsci.b108.230	eng		CC-BY  4.0	Hansen-Schirra, Silvia & Grucza, Sambor 	Eyetracking and Applied Linguistics	2016	editor	False		Translation and Multilingual Natural Language Processing	2
109	10.5281/zenodo.439004	eng	yong1288	CC-BY  4.0	Michaud, Alexis	Tone in Yongning Na: Lexical tones and morphotonology	2017	author	False		Studies in Diversity Linguistics	13
111	10.5281/zenodo.818365	eng		CC-BY  4.0	Song, Sanghoun	Modeling  information structure in a cross-linguistic perspective	2017	author	False		Topics at the Grammar-Discourse Interface	1
115	10.5281/zenodo.1115573	eng		CC-BY  4.0	Sheehan, Michelle & Bailey, Laura R. 	Order and structure in syntax II: Subjecthood and argument structure	2017	editor	False		Open Generative Syntax	2
116	10.17169/langsci.b116.259	deu		CC-BY  4.0	Schäfer, Lea	Sprachliche Imitation: Jiddisch in der deutschsprachigen Literatur (18.-20. Jahrhundert)	2017	author	False		Language Variation	2
118	10.5281/zenodo.824016	eng	molo1266	CC-BY  4.0	Friesen, Dianne	A grammar of Moloko	2017	author	False		African Language Grammars and Dictionaries	3
120	10.5281/zenodo.1219141	eng		CC-BY  4.0	Kandybowicz, Jason & Major, Travis & Torrence, Harold 	African linguistics on the prairie: Selected papers from the 45th Annual Conference on African Linguistics	2018	editor	False		Contemporary African Linguistics	3
121	10.17169/langsci.b121.280	eng		CC-BY  4.0	Payne, Doris L. & Pacchiarotti, Sara & Bosire, Mokaya 	Diversity in African languages: Selected papers from the 46th Annual Conference on African Linguistics	2017	editor	False		Contemporary African Linguistics	1
123	10.5281/zenodo.1182527	eng		CC-BY  4.0	Gutman, Ariel	Attributive constructions in North-Eastern Neo-Aramaic	2018	author	False		Studies in Diversity Linguistics	15
124	10.5281/zenodo.235525	eng	rapa1244	CC-BY  4.0	Kieviet, Paulus	A grammar of Rapa Nui	2017	author	False		Studies in Diversity Linguistics	12
132	10.5281/zenodo.1089335	eng		CC-BY  4.0	Hansen-Schirra, Silvia & Czulo, Oliver & Hofmann, Sascha 	Empirical modelling of translation and interpreting	2017	editor	False		Translation and Multilingual Natural Language Processing	7
134	10.5281/zenodo.1067783	deu		CC-BY  4.0	Baechler, Raffaela	Absolute Komplexität in der Nominalflexion: Althochdeutsch, Mittelhochdeutsch, Alemannisch und deutsche Standardsprache	2017	author	False		Morphological Investigations	2
137	10.5281/zenodo.814472	eng		CC-BY  4.0	Roettger, Timo B.	Tonal placement in Tashlhiyt: How an intonation system accommodates to adverse phonological environments	2017	author	False		Studies in Laboratory Phonology	3
141	10.5281/zenodo.926408	eng		CC-BY  4.0	Persohn, Bastian	The Verb in Nyakyusa: A focus on tense, aspect, and modality	2017	author	True		Contemporary African Linguistics	2
142	10.5281/zenodo.5524633	eng		CC-BY  4.0	Boeckx, Cedric	Reflections on language evolution: From minimalism to pluralism	2021	author	False		Conceptual Foundations of Language Science	6
143	10.5281/zenodo.1000504	fra		CC-BY  4.0	Roussarie, Laurent	Sémantique formelle: Volume 1 : Introduction à la grammaire de Montague	2017	author	False		Textbooks in Language Sciences	4
144	10.5281/zenodo.1164112	eng		CC-BY  4.0	Kroeger, Paul	Analyzing meaning: An introduction to semantics and pragmatics	2019	author	True		Textbooks in Language Sciences	5
148	10.5281/zenodo.3735822	eng		CC-BY-SA 4.0	Stefanowitsch, Anatol	Corpus linguistics: A guide to the methodology	2020	author	False		Textbooks in Language Sciences	7
149	10.5281/zenodo.1145680	eng		CC-BY-NC-ND 4.0	Höhle, Tilmann N. & Müller, Stefan & Richter, Frank & Reis, Marga	Beiträge zur deutschen Grammatik: Gesammelte Schriften von Tilman N. Höhle	2019	author	True		Classics in Linguistics	5
150	10.5281/zenodo.4446717	eng	russ1263	CC-BY  4.0	Zinova, Yulia	Russian verbal prefixation: A frame semantic analysis	2021	author	False		Empirically Oriented Theoretical Morphology and Syntax	7
151	10.5281/zenodo.495467	eng		CC-BY  4.0	Bowern, Claire & Horn, Laurence & Zanuttini, Raffaella 	On looking into words (and beyond): Structures, Relations, Analyses	2017	editor	False		Empirically Oriented Theoretical Morphology and Syntax	3
152	10.5281/zenodo.823224	eng		CC-BY  4.0	Bisang, Walter & Malchukov, Andrej 	Unity and diversity in grammaticalization scenarios	2017	editor	False		Studies in Diversity Linguistics	16
153	10.5281/zenodo.1134595	eng		CC-BY  4.0	Schäfer, Martin	The semantic transparency of English compound nouns	2017	author	False		Morphological Investigations	3
154	10.5281/zenodo.1188764	eng		CC-BY  4.0	Mücke, Doris	Dynamische Modellierung von Artikulation und prosodischer Struktur: Eine Einführung in die Artikulatorische Phonologie	2017	author	False		Studies in Laboratory Phonology	4
155	10.5281/zenodo.1346245	deu		CC-BY  4.0	Bergmann, Pia	Morphologisch komplexe Wörter: Prosodische Struktur und phonetische Realisierung	2018	author	False		Studies in Laboratory Phonology	5
156	10.5281/zenodo.885113	eng		CC-BY  4.0	Trips, Carola & Kornfilt, Jaklin 	Further investigations into the nature of phrasal compounding	2017	editor	False		Morphological Investigations	1
157	10.5281/zenodo.437098	eng		CC-BY  4.0	Klamer, Marian	The Alor-Pantar languages: History and typology. Second edition.	2017	author	False		Studies in Diversity Linguistics	3
159	10.5281/zenodo.1117686	eng		CC-BY  4.0	Bailey, Laura R. & Sheehan, Michelle 	Order and structure in syntax I: Word order and syntactic structure	2017	editor	False		Open Generative Syntax	1
160	10.5281/zenodo.889261	por		CC-BY  4.0	Freitas, Maria João & Santos, Ana Lúcia 	A aquisição de língua materna e não materna: Questões gerais e dados do Português	2017	editor	False		Textbooks in Language Sciences	3
163	10.5281/zenodo.1441351	eng		CC-BY  4.0	Müller, Stefan	A lexicalist account of argument structure: Template-based phrasal LFG approaches and a lexical HPSG alternative	2018	author	False		Conceptual Foundations of Language Science	2
165	10.5281/zenodo.1402520	eng		CC-BY  4.0	Bonami, Olivier & Boyé, Gilles & Dal, Georgette & Giraudo, Hélène & Namer, Fiammetta 	The lexeme in descriptive and theoretical morphology	2018	editor	False		Empirically Oriented Theoretical Morphology and Syntax	4
166	10.5281/zenodo.2589996	eng		CC-BY  4.0	Delgado, Sally	Ship English: Sailors’ speech in the early colonial Caribbean	2018	author	False		Studies in Caribbean Languages	4
167	10.5281/zenodo.892102	eng		CC-BY  4.0	Stenzel, Kristine & Franchetto, Bruna 	On this and other worlds: Voices from Amazonia	2017	editor	False		Studies in Diversity Linguistics	17
173	10.5281/zenodo.1219168	eng		CC-BY  4.0	Seržant, Ilja A. & Witzlack-Makarevich, Alena 	Diachrony of differential argument marking	2018	editor	False		Studies in Diversity Linguistics	19
174	10.5281/zenodo.1344467	eng		CC-BY  4.0	Hölzl, Andreas	A typology of questions in Northeast Asia and beyond: An ecological perspective	2017	author	False		Studies in Diversity Linguistics	20
175	10.5281/zenodo.1244028	eng		CC-BY  4.0	Müller, Sonja	Distribution und Interpretation von Modalpartikel-Kombinationen	2017	author	False		Topics at the Grammar-Discourse Interface	2
176	10.5281/zenodo.1296780	eng		CC-BY  4.0	Moran, Steven & Cysouw, Michael	The Unicode cookbook for linguists: Managing writing systems using orthography profiles	2018	author	False		Translation and Multilingual Natural Language Processing	10
177	10.5281/zenodo.3950146	cmn		CC-BY  4.0	Müller, Stefan	语法理论: 从转换语法到基于约束的理论	2020	author	False		Textbooks in Language Sciences	8
178	10.5281/zenodo.4291753	eng		CC-BY  4.0	Nakagawa, Natsuko	Information structure in spoken Japanese: Particles, word order, and intonation	2017	author	False		Topics at the Grammar-Discourse Interface	8
179	10.5281/zenodo.2625403	eng		CC-BY  4.0	Sherriah, André	A tale of two dialect regions: Sranan's 17th-century English input	2018	author	False		Studies in Caribbean Languages	3
180	10.5281/zenodo.1300630	eng		CC-BY  4.0	Pérez Vidal, Carmen & López-Serrano, Sonia & Ament, Jennifer & Thomas-Wilhelm, Dakota J. 	Learning context effects: Study abroad, formal instruction and international immersion classrooms	2017	editor	False		EuroSLA Studies	1
181	10.5281/zenodo.1048173	eng		CC-BY  4.0	Svoboda, Tomáš & Biel, Łucja & Łoboda, Krzysztof 	Quality aspects in institutional translation	2017	editor	False		Translation and Multilingual Natural Language Processing	8
182	10.5281/zenodo.1181783	eng		CC-BY  4.0	Paggio, Patrizia & Gatt, Albert 	The languages of Malta	2017	editor	False		Studies in Diversity Linguistics	17
183	10.5281/zenodo.1471564	eng		CC-BY  4.0	Feldhausen, Ingo & Fliessbach, Jan & Vanrell, Maria del Mar 	Methods in prosody: A Romance language perspective	2018	editor	False		Studies in Laboratory Phonology	6
184	10.5281/zenodo.1182583	eng		CC-BY  4.0	Sailer, Manfred & Markantonatou, Stella 	Multiword expressions: Insights from a multi-lingual perspective	2017	editor	False		Phraseology and Multiword Expressions	1
186	10.5281/zenodo.3191825	eng		CC-BY  4.0	Guzmán Naranjo, Matías	Analogical classification in formal grammar	2018	author	False		Empirically Oriented Theoretical Morphology and Syntax	5
187	10.5281/zenodo.1180721	eng		CC-BY  4.0	Fox, Wendy	Can integrated titles improve the viewing experience?: Investigating the impact of subtitling on the reception and enjoyment of film using eye tracking and questionnaire data	2018	author	False		Translation and Multilingual Natural Language Processing	9
189	10.5281/zenodo.2546440	eng		CC-BY  4.0	Lenertová, Denisa & Meyer, Roland & Šimík, Radek & Szucsich, Luka 	Advances in formal Slavic linguistics 2016	2018	editor	False		Open Slavic Linguistics	1
190	10.5281/zenodo.1314306	eng		CC-BY  4.0	Watters, John R.	East Benue-Congo: Nouns, pronouns, and verbs	2017	author	False		Niger-Congo Comparative Studies	1
191	10.5281/zenodo.1311704	eng		CC-BY  4.0	Pozdniakov, Konstantin	The numeral system of Proto-Niger-Congo: A step-by-step reconstruction	2018	author	False		Niger-Congo Comparative Studies	2
192	10.5281/zenodo.3365789	eng		CC-BY  4.0	Clem, Emily & Jenks, Peter & Sande, Hannah 	Theory and description in African Linguistics: Selected papers from the 47th Annual Conference on African Linguistics	2018	editor	False		Contemporary African Linguistics	4
193	10.5281/zenodo.1211896	eng		CC-BY  4.0	Bacskai-Atkari, Julia	Deletion phenomena in comparative constructions: English comparatives in a cross-linguistic perspective	2018	author	False		Open Generative Syntax	3
194	10.5281/zenodo.2573677	eng		CC-BY  4.0	Vandevoorde, Lore	Semantic differences in translation: Exploring the field of inchoativity	2020	author	False		Translation and Multilingual Natural Language Processing	13
195	10.5281/zenodo.1193241	eng		CC-BY  4.0	Müller, Stefan	Grammatical theory: From transformational grammar to constraint-based approaches. Second revised and extended edition.	2019	author	True		Textbooks in Language Sciences	1
196	10.5281/zenodo.2546446	eng		CC-BY  4.0	Nitzke, Jean	Problem solving activities in post-editing  and translation from scratch: A multi-method study	2018	author	False		Translation and Multilingual Natural Language Processing	12
197	10.5281/zenodo.2625683	eng		CC-BY  4.0	Tilsen, Sam	Syntax with oscillators and energy levels	2019	author	False		Studies in Laboratory Phonology	7
199	10.5281/zenodo.1306472	eng		CC-BY  4.0	Anderson, Stephen R. & de Saussure, Louis 	René de Saussure and the theory of word formation	2018	editor	False		Classics in Linguistics	6
200	10.5281/zenodo.2600163	por		CC-BY  4.0	Ferreira, Marcelo	Curso de semântica formal	2019	author	False		Textbooks in Language Sciences	6
201	10.5281/zenodo.1402571	eng		CC-BY  4.0	Riesberg, Sonja & Shiohara, Asako & Utsumi, Atsuko 	Perspectives on information structure in Austronesian languages	2018	editor	False		Studies in Diversity Linguistics	21
202	10.5281/zenodo.2579017	eng		CC-BY  4.0	Parmentier, Yannick & Waszczuk, Jakub 	Representation and parsing of multiword expressions: Current trends	2019	editor	False		Phraseology and Multiword Expressions	3
203	10.5281/zenodo.1306618	eng		CC-BY  4.0	Irvine-Sobers, G. Alison	The acrolect in Jamaica: The architecture of phonological variation	2018	author	False		Studies in Caribbean Languages	1
204	10.5281/zenodo.1469527	eng		CC-BY  4.0	Markantonatou, Stella & Ramisch, Carlos & Savary, Agata & Vincze, Veronika 	Multiword expressions at length and in depth: Extended papers from the MWE 2017 workshop	2018	editor	False		Phraseology and Multiword Expressions	2
209	10.5281/zenodo.1493281	eng		CC-BY  4.0	Fantinuoli, Claudio	Interpreting and technology	2018	author	False		Translation and Multilingual Natural Language Processing	11
210	10.5281/zenodo.1451308	eng		CC-BY  4.0	Juskan, Marten	Sound change, priming, salience: Producing and perceiving variation in Liverpool English	2018	author	False		Language Variation	3
212	10.5281/zenodo.1477799	eng	wara1294	CC-BY  4.0	Döhler, Christian	A grammar of Komnzo	2018	author	False		Studies in Diversity Linguistics	22
213	10.5281/zenodo.3546018	eng		CC-BY  4.0	Unterladstetter, Volker	Multi-verb constructions in Eastern Indonesia	2019	author	False		Studies in Diversity Linguistics	28
214	10.5281/zenodo.2654375	eng		CC-BY  4.0	McElvenny, James	Form and formalism in linguistics	2019	author	False		History and Philosophy of the Language Sciences	1
215	10.5281/zenodo.2640704	eng		CC-BY  4.0	Franco, Ludovico & Marchis Moreno, Mihaela & Reeve, Matthew 	Agreement, case and locality in the nominal and verbal domains	2019	editor	False		Open Generative Syntax	4
216	10.5281/zenodo.2563698	eng		CC-BY  4.0	Guérin, Valérie	Bridging constructions	2018	author	False		Studies in Diversity Linguistics	24
219	10.5281/zenodo.2538324	eng		CC-BY  4.0	Bueno Holle, Juan José	Information structure in Isthmus Zapotec narrative and conversation	2019	author	False		Topics at the Grammar-Discourse Interface	3
220	10.5281/zenodo.2583788	eng		CC-BY  4.0	Schmidtke-Bode, Karsten & Levshina, Natalia & Michaelis, Susanne Maria & Seržant, Ilja 	Explanation in typology: Diachronic sources, functional motivations and the nature of the evidence	2018	editor	False		Conceptual Foundations of Language Science	3
221	10.5281/zenodo.3232849	eng		CC-BY  4.0	Ben Hedia, Sonia	Gemination and degemination in English affixation: Investigating the interplay between morphology, phonology and phonetics	2019	author	False		Studies in Laboratory Phonology	8
223	10.5281/zenodo.3446224	eng		CC-BY  4.0	Di Garbo, Francesca & Olsson, Bruno & Wälchli, Bernhard 	Grammatical gender and linguistic complexity I: General issues and specific studies	2019	editor	False		Studies in Diversity Linguistics	26
224	10.5281/zenodo.1421660	eng		CC-BY  4.0	Schäfer, Roland	Einführung in die grammatische Beschreibung des Deutschen: Dritte, überarbeitete und erweiterte Auflage	2018	author	False		Textbooks in Language Sciences	2
225	10.5281/zenodo.3374730	eng	mege1234	CC-BY  4.0	Daniel, Michael & Dobrushina, Nina & Ganenkov, Dmitry 	The Mehweb language: Essays on phonology, morphology and syntax	2018	editor	False		Languages of the Caucasus	1
226	10.5281/zenodo.3520612	eng		CC-BY  4.0	Lotven, Samson & Bongiovanni, Silvina & Weirich, Phillip & Botne, Robert & Obeng, Samuel Gyasi 	African linguistics across the disciplines: Selected papers from the 48th Annual Conference on African Linguistics	2018	editor	False		Contemporary African Linguistics	5
227	10.5281/zenodo.3265959	eng		CC-BY  4.0	Aguilar-Guevara, Ana & Pozas Loyo, Julia & Vázquez-Rojas Maldonado, Violeta 	Definiteness across languages	2019	editor	False		Studies in Diversity Linguistics	25
228	10.5281/zenodo.3700413	eng	amar1273	CC-BY  4.0	Edwards, Owen	Metathesis and unmetathesis in Amarasi	2020	author	False		Studies in Diversity Linguistics	29
230	10.5281/zenodo.3932780	eng		CC-BY  4.0	Flick, Johanna	Die Entwicklung des Definitartikels im Althochdeutschen: Eine kognitiv-linguistische Korpusuntersuchung	2020	author	False		Empirically Oriented Theoretical Morphology and Syntax	6
231	10.5281/zenodo.2538330	eng		CC-BY  4.0	Kroeger, Paul R.	Analyzing meaning: An introduction to semantics and pragmatics. Second corrected and slightly revised edition	2019	author	True		Textbooks in Language Sciences	5
233	10.5281/zenodo.3247415	eng		CC-BY  4.0	Dellert, Johannes	Information-theoretic causal inference of  lexical flow	2019	author	False		Language Variation	4
234	10.5281/zenodo.2588383	deu		CC-BY-NC-ND 4.0	Müller, Stefan & Reis, Marga & Richter, Frank 	Beiträge zur deutschen Grammatik: Gesammelte Schriften von Tilman N. Höhle	2019	editor	False		Classics in Linguistics	5
235	10.5281/zenodo.3744565	eng		CC-BY  4.0	Lucas, Christopher & Manfredi, Stefano 	Arabic and contact-induced change	2019	editor	False		Contact and Multilingualism	1
236	10.5281/zenodo.5636761	spa		CC-BY  4.0	Sánchez Moreano, Santiago & Blestel, Élodie 	Prácticas lingüísticas heterogéneas: Nuevas perspectivas para el estudio del español en contacto con lenguas amerindias	2021	editor	False		Contact and Multilingualism	4
237	10.5281/zenodo.3446230	eng		CC-BY  4.0	Di Garbo, Francesca & Olsson, Bruno & Wälchli, Bernhard 	Grammatical gender and linguistic complexity II: World-wide comparative studies	2019	editor	False		Studies in Diversity Linguistics	27
239	10.5281/zenodo.3598577	eng		CC-BY  4.0	Schulte im Walde, Sabine & Smolka, Eva 	The role of constituents in multiword expressions: An interdisciplinary, cross-lingual perspective	2019	editor	False		Phraseology and Multiword Expressions	4
241	10.5281/zenodo.6446067	fra		CC-BY  4.0	Kahane, Sylvain & Gerdes, Kim	Syntaxe théorique et formelle: Volume 1: Modélisation, unités, structures	2022	author	True		Textbooks in Language Sciences	10
242	10.5281/zenodo.2636394	eng		CC-BY  4.0	Wiland, Bartosz	The spell-out algorithm and lexicalization patterns: Slavic verbs and complementizers	2019	author	False		Open Slavic Linguistics	2
245	10.5281/zenodo.5154710	eng	sout2789	CC-BY  4.0	Ali, Mark & Grimm, Scott & Bodomo, Adams	A  dictionary and grammatical sketch of Dagaare	2021	author	False		African Language Grammars and Dictionaries	4
248	10.5281/zenodo.3243924	eng		CC-BY  4.0	Parikh, Prashant	Communication and content	2019	author	False		Topics at the Grammar-Discourse Interface	4
249	10.5281/zenodo.3268721	eng		CC-BY  4.0	Easterday, Shelece	Highly complex syllable structure: A typological and diachronic study	2019	author	False		Studies in Laboratory Phonology	9
250	10.5281/zenodo.3339225	eng	sanz1248	CC-BY  4.0	Forker, Diana	A grammar of Sanzhi Dargwa	2019	author	False		Languages of the Caucasus	2
251	10.5281/zenodo.3264909	eng		CC-BY  4.0	Morley, Rebecca L.	Sound structure and sound change: A modeling approach	2019	author	False		Conceptual Foundations of Language Science	4
252	10.5281/zenodo.3929261	eng		CC-BY  4.0	Gergel, Remus & Watkins, Jonathan 	Quantification and scales in change	2019	editor	False		Topics at the Grammar-Discourse Interface	7
253	10.5281/zenodo.3478142	eng		CC-BY  4.0	Van Rooy, Raf	Greece’s labyrinth of language: A study in the early modern discovery of dialect diversity	2020	author	False		History and Philosophy of the Language Sciences	2
254	10.5281/zenodo.3528036	eng		CC-BY  4.0	Smith, Peter W. & Mursell, Johannes & Hartmann, Katharina 	Agree to Agree: Agreement in the Minimalist Programme	2020	editor	False		Open Generative Syntax	6
255	10.5281/zenodo.3364215	eng		CC-BY  4.0	Müller, Stefan	Grammatical theory: From transformational grammar to constraint-based approaches. Third revised and extended edition	2019	author	True		Textbooks in Language Sciences	1
256	10.5281/zenodo.3560718	eng		CC-BY  4.0	Bross, Fabian	The clausal syntax of German Sign Language: A cartographic approach	2019	author	False		Open Generative Syntax	4
258	10.5281/zenodo.3744254	eng		CC-BY  4.0	Pineda, Anna & Mateu, Jaume 	Dative constructions in Romance and beyond	2020	editor	False		Open Generative Syntax	7
259	10.5281/zenodo.5543318	eng		CC-BY  4.0	Müller, Stefan & Abeillé, Anne & Borsley, Robert D. & Koenig, Jean-Pierre 	Head-Driven Phrase Structure Grammar: The handbook	2021	editor	False		Empirically Oriented Theoretical Morphology and Syntax	9
260	10.5281/zenodo.3763740	eng		CC-BY  4.0	Marušič, Franc & Mišmaš, Petra & Žaucer, Rok 	Advances in formal Slavic linguistics 2017	2019	editor	False		Open Slavic Linguistics	3
261	10.5281/zenodo.3968344	eng		CC-BY  4.0	Bergqvist, Henrik & Kittilä, Seppo 	Evidentiality, egophoricity and engagement	2019	editor	False		Studies in Diversity Linguistics	30
262	10.5281/zenodo.4638824	eng		CC-BY  4.0	Crysmann, Berthold & Sailer, Manfred 	One-to-many-relations in morphology, syntax, and semantics	2021	editor	False		Empirically Oriented Theoretical Morphology and Syntax	7
263	10.5281/zenodo.4017493	eng		CC-BY  4.0	Floyd, Simeon & Rossi, Giovanni & Enfield, N. J. & Kendrick, Kobin H. & Blythe, Joe & Zinken, Jörg & Baranova, Julija & Dingemanse, Mark	Getting others to do things: A pragmatic typology of recruitments	2020	author	False		Studies in Diversity Linguistics	31
265	10.5281/zenodo.3889998	eng		CC-BY  4.0	Saturno, Jacopo	Utterance structure in initial L2 acquisition	2020	author	False		EuroSLA Studies	2
268	10.5281/zenodo.4138753	eng		CC-BY  4.0	Bardel, Camilla & Sánchez, Laura 	Third language acquisition: Age, proficiency and multilingualism	2020	editor	False		EuroSLA Studies	3
270	10.5281/zenodo.3978908	eng		CC-BY  4.0	Wackernagel, Jacob & Walkden, George & Sevdali, Christina & Macleod, Morgan	On a law of Indo-European word order: Über ein Gesetz der indogermanischen Wortstellung	2020	author	False		Classics in Linguistics	7
271	10.5281/zenodo.3865067	eng		CC-BY  4.0	Kastner, Itamar	Voice at the interfaces: The syntax, semantics, and morphology of the Hebrew verb	2020	author	False		Open Generative Syntax	8
274	10.5281/zenodo.3894134	eng		CC-BY  4.0	Asoulin, Eran	Language and scientific explanation: Where does semantics fit in?	2020	author	False		Conceptual Foundations of Language Science	5
275	10.5281/zenodo.4041229	eng		CC-BY  4.0	Bárány, András & Biberauer, Theresa & Douglas, Jamie & Vikner, Sten 	Syntactic architecture and its consequences I: Syntax inside the grammar	2020	editor	False		Open Generative Syntax	9
276	10.5281/zenodo.4081038	eng		CC-BY  4.0	Bárány, András & Biberauer, Theresa & Douglas, Jamie & Vikner, Sten 	Syntactic architecture and its consequences II: Between syntax and morphology	2020	editor	False		Open Generative Syntax	10
277	10.5281/zenodo.4680264	eng		CC-BY  4.0	Bárány, András & Biberauer, Theresa & Douglas, Jamie & Vikner, Sten 	Syntactic architecture and its consequences III: Inside syntax	2021	editor	False		Open Generative Syntax	11
278	10.5281/zenodo.4032298	eng		CC-BY  4.0	Edmonds, Amanda & Leclercq, Pascale & Gudmestad, Aarnes 	Interpreting language-learning data	2020	editor	False		EuroSLA Studies	4
280	10.5281/zenodo.5155544	eng		CC-BY  4.0	Blümel, Andreas & Gajić, Jovana & Geist, Ljudmila & Junghanns, Uwe & Pitsch, Hagen 	Advances in formal Slavic linguistics 2018	2021	editor	False		Open Slavic Linguistics	4
281	10.5281/zenodo.4121875	eng		CC-BY  4.0	Roessig, Simon	Categoriality and continuity in prosodic prominence	2021	author	False		Studies in Laboratory Phonology	10
282	10.5281/zenodo.4054814	eng		CC-BY  4.0	Næss, Åshild & Margetts, Anna & Treis, Yvonne 	Demonstratives in discourse	2020	editor	False		Topics at the Grammar-Discourse Interface	6
283	10.5281/zenodo.4049471	eng		CC-BY  4.0	Balogh, Kata & Latrouite, Anja & Van Valin, Robert D. 	Nominal anchoring: Specificity, definiteness and article systems across languages	2020	editor	False		Topics at the Grammar-Discourse Interface	5
286	10.5281/zenodo.4269397	eng		CC-BY  4.0	Aussant, Émilie & Fortis, Jean-Michel 	Historical journey in a linguistic archipelago: Descriptive concepts and case studies	2020	editor	False		History and Philosophy of the Language Sciences	3
287	10.5281/zenodo.3992307	eng	nyak1261	CC-BY  4.0	Müller, Stefan	Grammatical theory: From transformational grammar to constraint-based approaches. Fourth revised and extended edition	2020	author	True		Textbooks in Language Sciences	1
288	10.5281/zenodo.4544686	eng		CC-BY  4.0	Tra&Co  Group, ᠎	Translation, interpreting, cognition: The way out of the box	2021	author	False		Translation and Multilingual Natural Language Processing	15
289	10.5281/zenodo.5589446	eng		CC-BY  4.0	Hakimov, Nikolay	Explaining Russian-German code-mixing: A usage-based approach	2021	author	False		Contact and Multilingualism	3
290	10.5281/zenodo.4449726	eng		CC-BY  4.0	Pinto, Jorge & Alexandre, Nélia 	Multilingualism and third language acquisition: Learning and teaching trends	2021	editor	False		Contact and Multilingualism	2
293	10.5281/zenodo.5578772	eng		CC-BY  4.0	Akinlabi, Akinbiyi & Bickmore, Lee & Cahill, Michael & Diercks, Michael & Downing, Laura J & Essegbey, James & Franich, Katie & McPherson, Laura 	Celebrating 50 years of ACAL: Selected papers from the 50th Annual Conference on African Linguistics	2021	editor	False		Contemporary African Linguistics	7
295	10.5281/zenodo.4548232	eng	japh1234	CC-BY  4.0	Jacques, Guillaume	A grammar of Japhug	2021	author	False		Comprehensive Grammar Library	1
296	10.5281/zenodo.4450014	eng		CC-BY  4.0	Bisiada, Mario	Empirical studies in translation and discourse	2021	author	False		Translation and Multilingual Natural Language Processing	14
297	10.5281/zenodo.4287412	eng		CC-BY  4.0	Persohn, Bastian	The  Verb in Nyakyusa: A focus on tense, aspect, and modality (Second edition)	2020	author	False		Contemporary African Linguistics	2
298	10.5281/zenodo.4737370	eng	gyel1242	CC-BY  4.0	Grimm, Nadine	A grammar of Gyeli	2021	author	False		Comprehensive Grammar Library	2
299	10.5281/zenodo.4456792	eng		CC-BY  4.0	Shim, Ji Young	OV and VO variation in code-switching	2021	author	False		Current Issues in Bilingualism	1
302	10.5281/zenodo.6602539	eng		CC-BY  4.0	Migge, Bettina & Gooden, Shelome 	Social and structural aspects of language contact and change	2022	editor	False		Contact and Multilingualism	5
303	10.5281/zenodo.5040241	eng		CC-BY  4.0	Tahmasebi, Nina & Borin, Lars & Jatowt, Adam & Xu, Yang & Hengchen, Simon 	Computational approaches to semantic change	2021	editor	False		Language Variation	6
304	10.5281/zenodo.4727623	eng		CC-BY  4.0	Trklja, Aleksandar & Grabowski, Łukasz 	Formulaic language: Theories and methods	2021	editor	False		Phraseology and Multiword Expressions	5
305	10.5281/zenodo.4954364	eng		CC-BY  4.0	Zimmer, Christian	German(ic) in language contact: Grammatical and sociolinguistic dynamics	2021	author	False		Language Variation	5
306	10.5281/zenodo.6358613	eng		CC-BY  4.0	Sibanda, Galen & Ngonyani, Deo & Choti, Jonathan & Biersteker, Ann 	Descriptive and theoretical approaches to African linguistics: Selected papers from the 49th Annual Conference on African Linguistics	2022	editor	False		Contemporary African Linguistics	6
307	10.5281/zenodo.6306474	eng		CC-BY  4.0	Veselinova, Ljuba & Hamari, Arja 	The Negative Existential Cycle	2022	editor	False		Research on Comparative Grammar	2
308	10.5281/zenodo.5137647	eng	surs1245	CC-BY  4.0	Maurer-Cecchini, Philippe	A grammar of Tuatschin: A Sursilvan Romansh dialect	2021	author	False		Comprehensive Grammar Library	3
311	10.5281/zenodo.5142265	eng		CC-BY  4.0	McElvenny, James & Ploder, Andrea 	Holisms of communication: The early history of audio-visual sequence analysis	2021	editor	False		History and Philosophy of the Language Sciences	4
313	10.5281/zenodo.5378471	eng		CC-BY  4.0	Berthele, Raphael & Udry, Isabelle 	Individual differences in early instructed language learning: The role of language aptitude, cognition, and motivation	2021	editor	False		EuroSLA Studies	5
315	10.5281/zenodo.5948872	eng		CC-BY  4.0	Bahrt, Nicklas N.	Voice syncretism	2021	author	False		Research on Comparative Grammar	1
316	10.5281/zenodo.5082006	eng		CC-BY  4.0	Dočekal, Mojmír & Wągiel, Marcin 	Formal approaches to number in Slavic and beyond	2021	editor	False		Open Slavic Linguistics	5
317	10.5281/zenodo.5106382	eng		CC-BY  4.0	Wągiel, Marcin	Subatomic quantification	2021	author	False		Open Slavic Linguistics	6
318	10.5281/zenodo.5506578	eng		CC-BY  4.0	Diewald, Gabriele & Politt, Katja 	Paradigms regained: Theoretical and empirical arguments for the reassessment of the notion of paradigm	2022	editor	False		Empirically Oriented Theoretical Morphology and Syntax	10
319	10.5281/zenodo.5646896	eng		CC-BY  4.0	Nitzke, Jean & Hansen-Schirra, Silvia	A short guide to post-editing	2021	author	False		Translation and Multilingual Natural Language Processing	16
320	10.5281/zenodo.5721159	eng		CC-BY  4.0	Archangeli, Diana & Pulleyblank, Douglas	Emergent phonology	2022	author	False		Conceptual Foundations of Language Science	7
321	10.5281/zenodo.5596236	eng		CC-BY  4.0	Lemke, Robin	Experimental investigations on the syntax and usage of fragments	2021	author	False		Open Germanic Linguistics	1
323	10.5281/zenodo.5140049	eng		CC-BY  4.0	Laszakovits, Sabine & Shen, Zheng 	The size of things I: Structure building	2021	editor	False		Open Generative Syntax	12
324	10.5281/zenodo.7189161	eng	sout2972	CC-BY  4.0	Caballero, Gabriela	A grammar of Choguita Rarámuri:  In collaboration with Luz Elena León Ramírez, Sebastián Fuentes Holguín, Bertha Fuentes Loya and other Choguita Rarámuri language experts	2022	author	False		Comprehensive Grammar Library	5
325	10.5281/zenodo.5820515	eng		CC-BY  4.0	Pozdniakov, Konstantin	Proto-Fula–Sereer: Lexicon, morphophonology, and noun classes	2022	author	False		Niger-Congo Comparative Studies	3
326	10.5281/zenodo.5548947	eng	ruul1235	CC-BY  4.0	Namyalo, Saudah & Witzlack-Makarevich, Alena & Kiriggwajjo, Anatole & Atuhairwe, Amos & Molochieva, Zarina & Mukama, Ruth Gimbo  & Zellers, Margaret	A dictionary and grammatical sketch of Ruruuli-Lunyala	2021	author	False		African Language Grammars and Dictionaries	5
327	10.5281/zenodo.5509618	eng		CC-BY  4.0	Anderson, Stephen R. 	Phonology in the Twentieth Century : Second edition, revised and expanded	2021	author	False		History and Philosophy of the Language Sciences	5
329	10.5281/zenodo.5482405	eng	swed1254	CC-BY  4.0	Larsson, Ida & Petzell, Erik M. 	Morphosyntactic change in Late Modern Swedish	2021	editor	False		Open Germanic Linguistics	2
331	10.5281/zenodo.7185567	eng		CC-BY  4.0	Hall, Tracy Alan	Velar fronting in German dialects:  A study in synchronic and diachronic phonology	2022	author	False		Open Germanic Linguistics	3
332	10.5281/zenodo.7442323	eng		CC-BY  4.0	Coler, Matt & Nevins, Andrew 	Contemporary research in minoritized and diaspora languages of Europe	2022	editor	False		Contact and Multilingualism	6
333	10.5281/zenodo.6535786	eng		CC-BY  4.0	Rodríguez González, Eva & Rivera, Rosita L.  	Language assessment in multilingual settings: Innovative practices across formal and informal environments	2022	editor	False		Current Issues in Bilingualism	2
334	10.5281/zenodo.6546419	eng		CC-BY  4.0	Lund, Kristine & Basso Fossali , Pierluigi & Mazur, Audrey &  Ollagnier-Beldame, Magali 	Language is a complex adaptive system: Explorations and evidence	2022	editor	False		Conceptual Foundations of Language Science	8
336	10.5281/zenodo.6973523	eng		CC-BY  4.0	Freywald, Ulrike & Simon, Horst J. & Müller, Stefan 	Headedness and/or grammatical anarchy?	2022	editor	False		Empirically Oriented Theoretical Morphology and Syntax	11
339	10.5281/zenodo.5792972	eng		CC-BY  4.0	Kolaković, Zrinka & Jurkiewicz-Rohrbacher, Edyta & Hansen, Björn & Filipović Đurđević, Dušica & Fritz, Nataša	Clitics in the wild : Empirical studies on the microvariation of the pronominal, reflexive and verbal clitics in Bosnian, Croatian and Serbian.	2022	author	False		Open Slavic Linguistics	7
340	10.5281/zenodo.5902971	deu		CC-BY  4.0	Hoberg, Felix	Informationsintegration in mehrsprachigen Textchats: Der Skype Translator im Sprachenpaar Katalanisch-Deutsch	2022	author	False		Translation and Multilingual Natural Language Processing	17
341	10.5281/zenodo.6207627	eng		CC-BY  4.0	Paulsen, Ingrid	The  emergence of American English as a discursive variety : Tracing enregisterment processes in nineteenth-century U.S. newspapers	2022	author	False		Language Variation	7
342	10.5281/zenodo.6653406	eng		CC-BY  4.0	Kenny, Dorothy	Machine translation for everyone: Empowering users in the age of artificial intelligence	2022	author	False		Translation and Multilingual Natural Language Processing	18
343	10.5281/zenodo.6976930	eng		CC-BY  4.0	Kajzer-Wietrzny, Marta & Ferraresi, Adriano & Ivaska, Ilmari & Bernardini, Silvia 	Mediated discourse at the European Parliament: Empirical investigations	2022	editor	False		Translation and Multilingual Natural Language Processing	19
344	10.5281/zenodo.6499927	eng	kara1499	CC-BY  4.0	Visser, Eline	A grammar of Kalamang	2022	author	False		Comprehensive Grammar Library	4
346	10.5281/zenodo.6560337	eng	stan1293	CC-BY  4.0	Hejná, Míša & Walkden, George	A history of English	2022	author	False		Textbooks in Language Sciences	9
348	10.5281/zenodo.7143055.	eng		CC-BY  4.0	Prandi, Bianca	Computer-assisted simultaneous interpreting: A cognitive-experimental study on terminology	2023	author	False		Translation and Multilingual Natural Language Processing	22
350	10.5281/zenodo.6907848	eng		CC-BY  4.0	Kocher, Anna	Complementizers on edge: On the boundaries between syntax and pragmatics in Ibero-Romance	2022	author	True		Open Romance Linguistics	1
351	10.5281/zenodo.6669944	eng	fwee1238	CC-BY  4.0	Gunnink, Hilde	A grammar of Fwe	2022	author	False		African Language Grammars and Dictionaries	6
353	10.5281/zenodo.7733033	eng		CC-BY  4.0	Müller, Stefan	Germanic syntax: A constraint-based view	2023	author	False		Textbooks in Language Sciences	12
355	10.5281/zenodo.7025328	eng		CC-BY  4.0	Hölzl, Andreas & Payne, Thomas E.  	Tungusic languages: Past and present	2022	editor	False		Studies in Diversity Linguistics	32
358	10.5281/zenodo.7197134	por		CC-BY  4.0	Freitas, Maria João & Lousada, Marisa & Alves, Dina Caetano 	Linguística clínica: Modelos, avaliação e intervenção	2022	editor	True		Textbooks in Language Sciences	11
359	10.5281/zenodo.6855854	eng		CC-BY-SA 4.0	Kroeger, Paul	Analyzing meaning: An introduction to semantics and pragmatics. Third edition	2022	author	False		Textbooks in Language Sciences	5
360	10.5281/zenodo.6811427	eng		CC-BY  4.0	McManus, Kevin & Schmid, Monika S. 	How special are early birds?: Foreign language teaching and learning	2022	editor	False		EuroSLA Studies	6
361	10.5281/zenodo.7092391	eng		CC-BY  4.0	McElvenny, James	Interviews in the history of linguistics: Volume I	2022	author	False		History and Philosophy of the Language Sciences	6
365	10.5281/zenodo.7267830	eng		CC-BY  4.0	Schmitz, Dominic	Production, perception, and comprehension of subphonemic detail: Word-Final /s/ in English	2022	author	False		Studies in Laboratory Phonology	11
366	10.5281/zenodo.7376351	eng		CC-BY  4.0	Frittella, Francesca Maria	Usability research for interpreter-centred technology: The case study of SmarTerp	2023	author	False		Translation and Multilingual Natural Language Processing	21
369	10.5281/zenodo.7525084	eng		CC-BY  4.0	Bullock, Barbara E. & Russi, Cinzia & Toribio, Almeida Jacqueline 	A half century of Romance linguistics: Selected proceedings of the 50th Linguistic Symposium on Romance Languages	2023	editor	False		Open Romance Linguistics	2
371	10.5281/zenodo.7031898	deu		CC-BY  4.0	Marzouk, Shaimaa	Sprachkontrolle im Spiegel der Maschinellen Übersetzung: Untersuchung zur Wechselwirkung ausgewählter Regeln der Kontrollierten Sprache mit verschiedenen Ansätzen der Maschinellen Übersetzung	2022	author	False		Translation and Multilingual Natural Language Processing	20
373	10.5281/zenodo.7560553	eng		CC-BY  4.0	Bostoen, Koen & de Schryver, Gilles-Maurice & Guérois, Rozenn & Pacchiarotti, Sara 	On reconstructing Proto-Bantu grammar	2022	editor	False		Niger-Congo Comparative Studies	4
374	10.5281/zenodo.7602514	eng		CC-BY  4.0	Cysouw, Michael	Encyclopaedia of German diatheses	2023	author	False		Open Germanic Linguistics	4
380	10.5281/zenodo.7376662	eng		CC-BY  4.0	Müller, Stefan	Grammatical theory: From transformational grammar to constraint-based approaches	2023	author	False		Textbooks in Language Sciences	1
